"path","bytes","sha256"
"docs/AIC_RESEARCH_AND_HANDOFF_REPORT_ZH.md","28863","be0d109a947fde437b2f5c215c931025ead2d16b8936f9e33fc95e6d420bddae"
"docs/ARTIFACTS.csv","914","8f858d9891b0fb67a48e0f789ec665608815a87ca40e52033986d606b18310e9"
"docs/AUTO_LEADERBOARD_RUNBOOK.md","6842","859ad7a72e68a40cbe67a50c4a779b16e52026e82727b96003dc9f2f4c82409b"
"docs/build_report_pdf.py","12339","4009203b6ca570f49c931716e48263e2cb2bb3c12aa73d41e93fdc203c5437e7"
"docs/REPRODUCE_CHAMPION.md","3654","ac5eb2989a1407f0444ef5556f804ad0418ba389db0d77d7b63b7f3ad00101ca"
"docs/SCORECARD.csv","1565","75d6caef1a978668e65c8aebcfc320e069c444c0089224812f1e8b04a60a7fcd"
"docs/START_HERE.md","3567","d377748eb3351f4b9629793d30ddad75fc784539b5662daf79f816cb3cae3f5b"
"docs/verify_handoff.ps1","1983","bea17a42e7c0a240e5d93282967402ed523457f046bd6a4d54ac4ea7ea94683d"
"leaderboard_control/docs/jinyinsai_mcp.md","11965","66ed8133d555de6f74f0f4d793aeed5e966d9a314a84263d69c26ebf631b4be0"
"leaderboard_control/docs/JINYINSAI_SUBMIT_AGENT_CONTRACT.md","31936","7cdcb831e6588641b577fb7a6942312eb766d9b20256758fcc0b00d0acd8475f"
"leaderboard_control/mak/__init__.py","22","91447944015cec709e8aa7655f7e9d64e1e4508e7023a57fe3746911c0fc6fed"
"leaderboard_control/mak/aic/__init__.py","360","c52613e3af0a2e01d990e212fb8d296138a118f9d9e1525f71f5d8020bddcb60"
"leaderboard_control/mak/aic/evidence_receipt.py","10236","6e7b2f1debb78a3078fed61b4b6af3dda7a70b311ff675ee3486ec9ab7c5415c"
"leaderboard_control/mak/aic/provenance.py","10869","41e8e75fe2213b9cafed18300f82ce137b24cda7b78fca1f7ffc5dd78004878a"
"leaderboard_control/mak/mcp/__init__.py","45","453f1461049413d7f77a9ebeab782a45c312baf1d82b5aaf9aa3957c7c08e04b"
"leaderboard_control/mak/mcp/jinyinsai_submit.py","329919","4560788868f74bf2e9fcc2456203c03c363721ffabf0bfd9919030020ee9790b"
"leaderboard_control/mak/mcp/runtime.py","4380","92d96a44be35d298f080b4eaa8e260d05a6cb6416b1a89ef2c941bd388c3a209"
"leaderboard_control/mak/mcp/task_watcher.py","17819","2bce5b44496b2f0f6db4bb57292a25110ffa454186983068397bbb5e20c8e993"
"leaderboard_control/mak/submission.py","9447","7d4c5890a16464285e7aba94c5709695ebe03ea965552ef268d3fad50cdda78e"
"leaderboard_control/pyproject.toml","521","5dca96a9ff840826a70262a5d8b579e7b830070bc875888e3a60498e1762dffc"
"leaderboard_control/requirements.txt","10","9d6d2c2e18451cd8eb86a739cbcb1664e4342ef4ae478266a3c333dd4f73674a"
"leaderboard_control/tests/test_mcp_jinyinsai_submit.py","115107","443dfc4f96879e738b1be94a6dec772b25faa9b18c52c8773817746b7ffdaf64"
"leaderboard_control/tests/test_mcp_jinyinsai_submit_safety.py","69062","639a5d07e1b4348c0fb4696c32aff3f39e727573a41a880f55b534806e7b958c"
"leaderboard_control/tests/test_mcp_task_watcher.py","7765","28b05bfd332ccb0abda93e38643145208d12e356a7bd42cd768944414e7f993b"
"project/check_submission.py","913","ac34373283dc8cd9e18477a2036a90d3fd00ab43db88f102690d3a01298cc2b8"
"project/config.py","712","b458b7ca07897873e9d70ac6523a3bd819eddf14e6f4d551908b6d560f8c3e15"
"project/docs/dataset_statistics_zh.md","5446","f235290e2358ffd43026500de14a2171080befc7756a45be73fba893007c4920"
"project/docs/leaderboard_experiment_log_zh.md","10521","d7c8a8ce3da43b4099732566071eafb7ff92677c97acfea723864e7729ac8b66"
"project/docs/submitter_incident_review_zh.md","9599","7e7caca6f51eca6b6297f6372e84bcce2e73a1adcce51a93d2533b7a36120cfe"
"project/finetune_lora.py","42114","8866b7fa668a85f026878f1b3c1c1553bdcf17d2ed7a2cf9a0f5640bba733c99"
"project/main.py","10068","ea97ecbc4323d1afdf70e75014d0cc8d1e8e4b0e94dbd1de95055a157aa02ba7"
"project/output/pdf/AIC_Research_and_Handoff_Report_ZH.pdf","588902","30a0cc10c3167c5529360325d844c6e8bdc499f8d4e758dc1a15ac706bbe780e"
"project/remote_posembed_exp/RESULTS.md","4789","0d98496a99f6d95b789a4e134a17978bba4990a4cd14e05bfd9304eff1018e41"
"project/requirements.txt","207","f8b97965aa83621970fe1f6d0b8009a95460dcaadced043704e5601d7dd663a9"
"project/requirements-cuda.txt","324","1d23b4d9bae20a7002ba0fbcb9c63e99a4be6872f83cc45225c15224cd83bc85"
"project/robustft/__init__.py","285","ac584378b1bc7b3cd44c28f2f3898edeae7485ae80774ced39c254e1b5a528be"
"project/robustft/data.py","4562","8da1583254dd89d1928f1d197890fab53ecbbf31a44e8bf9d3585746aec5f7a7"
"project/robustft/denoise.py","9792","1ae0d1f54d349eae09aa1c5767f6c02ae1902429e055c9f5c2d962aa6c20d175"
"project/robustft/engine.py","8413","433ddee8458358b48b32c12c9e131c90dd67d98038a8896cb0a6b961664dd378"
"project/robustft/features.py","3015","8b89b97966a72f81c192320545c00612a82afddd0d2f4b55ec562667b36b5313"
"project/robustft/fet_model.py","10488","7fe6919b0a89b7671ab3d86c6cae62d28c444c73481e9a5412da111432a2b2fa"
"project/robustft/fet_modules.py","9004","c8779cb157299cf045e0aceec09e2ce905dfe603a20e0c97efb931464485af59"
"project/robustft/models.py","11153","9b4008d90e257292336916451f439cb0817779d8c1b9081a0b582a836518a232"
"project/robustft/robust_utils.py","1770","b9f34d0e1f38ecfe6ea221e9be2c2c722a6c4eec869cac78f9fbf9d827a60807"
"project/robustft/submission.py","3163","fbbbe124040dd7d661438bcfa81c386f60cfbae2b17171be0458e3fa007d0655"
"project/runs/aic_b448_aligned_formal_v2_20260713/collected/model_evidence.py","11153","9b4008d90e257292336916451f439cb0817779d8c1b9081a0b582a836518a232"
"project/runs/aic_b448_aligned_formal_v2_20260713/collected/pred_b448_aligned_tta_balanced.zip","541610","7001273b400720b3864edb5678fbac5ca4e8f3fe33ddefab30b2cb1c295fc347"
"project/runs/aic_b448_aligned_formal_v2_20260713/collected/provenance.json","637","a5e369fd5ba7b3a245a1fb098dce9449c6849238b1756976edca588931f71874"
"project/runs/aic_b448_aligned_formal_v2_20260713/collected/provenance.submit.json","665","5c8ff4652cda36fff26835c68c23995e3b7c7a16acae1b7808e31e45cf735855"
"project/runs/aic_b448_aligned_formal_v2_20260713/collected/train.log","1368","03005901f85ab6b32fc827ef082c2b1fcfc7612bfec8381702238841743b4a2e"
"project/tests/__init__.py","2","7eb70257593da06f682a3ddda54a9d260d4fc514f645237f5ca74b08f8da61a6"
"project/tests/test_aicomp_cdp_cli.py","25228","11092cb1025f2d587a8fbbc942a237d65f61531dbdab271f7a9ab37f415b4f5b"
"project/tests/test_aicomp_queue_identity_safety.py","19409","57572462875243440b33ba858df8da2365ca9e152fd525c28ea72e8a9790efb5"
"project/tests/test_aicomp_queue_migration_v3.py","7299","9531a5450c99dc99fed74c218270e482f44bbd197c110dd4cec3c182b8315a9e"
"project/tests/test_aicomp_queue_runner_resilience.py","7968","8eb0b874387facd2fcd398807bb2d35e240d2e22959e76aea982f42221adc6b1"
"project/tests/test_lora_contract.py","2050","13834e14e002c91b4a4578c159461ab48b9ec8cd504fd61b9509c2b50ea37452"
"project/tests/test_mcp_aicomp_leaderboard.py","8515","0f2c11a536aada463c9e8f65ba341148bef586dbca89f640407a48746e7e2a0e"
"project/tests/test_mcp_automation.py","10432","0f54f9654df4bd7e0d0593fdc76bfe76f69d0f2dc1a058a133dede560d1d7847"
"project/tests/test_mcp_remote_train.py","6096","09a6807ad2de33aefe8f23f852434b91cc780f84f4133975f45fe038e2a1be4e"
"project/tests/test_mcp_task_watcher.py","6536","47cd7939bab236fd39f0875cd8e2f0326cd5a2fd52aac65ac938927a0e6bf0f7"
"project/tests/test_regression.py","4663","d1ffe0c00c4d6c3e71e231035c025321d581aab829553a8483499641dc8fd061"
"project/tests/test_robust_utils.py","1996","4699f7b4601423760d0e1d1989d80e11b65c33b228c156a6193b95d2b0e4deb9"
"project/tests/test_three_way_split.py","1426","61ed9c6d42d0917e8931412511f57292b3e7b2520c58b9102bc612ed4533f5ab"
"project/tools/aicomp_cdp.mjs","88821","62f44ccc2f380684d2f2413988f8f54a0652a9aec155f242eb896ac845cf3788"
"project/tools/aicomp_manifest.mjs","12547","73c726bc04e092daf479555ef51bf5047ed8dacfe4ac6467c9b6bbc793e95245"
"project/tools/aicomp_start_chrome.ps1","1302","45973bbca9c79d339a0507a02a456cb644ade7028b4d3c93a872d83f51e28b43"
"project/tools/aicomp_submit_queue.mjs","57013","0e05971a4c86a7fc24646eb20e8881289afc44d252acfbc1ad1223f35652ca5a"
"project/tools/balance_transductive.py","6182","4cda1889615bd539e7e0ad119210a7b3bf1debeb35e1e1be8dc38d497e3d3f18"
"project/tools/balanced_predict.py","5081","6dd37b568fa84af6efb31b6c75458c0732adc2b23c3ee08ad2bef5bac0f80f35"
"project/tools/dataset_stats.py","12771","a26de30e7a0000e516822e273eef599e21888a52b148493915e0c156ca47adc1"
"project/tools/swa_soup.py","1905","b1f15da532a2f67af8ce6346dc50a76cefcf44bb0a0abbfa5242341ccfa3dbfe"
"project/tools/tta_predict.py","6083","d14d37a5c653f4f0e5299217126adc4ad4e0839143ac5fdc89f1597491aa6fa5"
